{
  "A": {
    "num_pins": 288,
    "dist": {
      "min": 0.0,
      "p10": 4.79998779296875,
      "p25": 13.654857459916318,
      "p50": 31.32000732421875,
      "p75": 56.4000244140625,
      "p90": 71.57525692109256,
      "p95": 82.51971375083492,
      "max": 134.75997924804688
    },
    "hist": [
      71,
      60,
      34,
      46,
      37,
      23,
      12,
      3,
      1,
      1
    ],
    "bimodal": true,
    "pct_0": 4.166666666666666,
    "pct_5": 11.458333333333332,
    "pct_15": 27.083333333333332
  },
  "B": {
    "num_segs": 36,
    "dist": {
      "min": 3.3599853515625,
      "p25": 9.600006103515625,
      "p50": 19.20001220703125,
      "p75": 43.32000732421875,
      "p90": 72.1199951171875,
      "max": 387.98968395130936
    },
    "hist": [
      26,
      7,
      0,
      0,
      1,
      1,
      0,
      0,
      0,
      1
    ],
    "bimodal": false,
    "pct_10": 33.33333333333333,
    "pct_20": 55.55555555555556,
    "pct_50": 83.33333333333334
  },
  "C": {
    "unique_endpoints": 72,
    "degrees": {
      "1": 72,
      "2": 0,
      "3": 0,
      "4": 0,
      "5": 0
    },
    "pct_g1": 100.0,
    "pct_g3_plus": 0.0
  },
  "D": {
    "mergeable_pairs": 0,
    "avg_len_with_partner": 0.0,
    "avg_len_without_partner": 42.17546298236842
  },
  "E": {
    "num_clusters": 51,
    "gt_8": [
      [
        "U0",
        16
      ],
      [
        "RL1",
        16
      ],
      [
        "RB8",
        18
      ],
      [
        "CB3",
        18
      ],
      [
        "RB11",
        20
      ],
      [
        "RB10",
        10
      ],
      [
        "R24",
        22
      ],
      [
        "U13",
        10
      ],
      [
        "WB1",
        10
      ],
      [
        "CP2",
        16
      ],
      [
        "U25",
        16
      ]
    ],
    "dists": {
      "lt5": 138,
      "5to20": 107,
      "gt20": 43
    },
    "gt_50_far": [
      "RB8",
      "R24"
    ]
  }
}