{
  "A": {
    "num_pins": 185,
    "dist": {
      "min": 0.0,
      "p10": 6.788207836041706,
      "p25": 14.8800048828125,
      "p50": 31.32000732421875,
      "p75": 52.92869007824785,
      "p90": 68.50769837700076,
      "p95": 79.25905913263371,
      "max": 134.75997924804688
    },
    "hist": [
      43,
      43,
      22,
      32,
      22,
      15,
      5,
      1,
      1,
      1
    ],
    "bimodal": false,
    "pct_0": 5.405405405405405,
    "pct_5": 8.64864864864865,
    "pct_15": 25.405405405405407
  },
  "B": {
    "num_segs": 36,
    "dist": {
      "min": 3.3599853515625,
      "p25": 9.600006103515625,
      "p50": 19.20001220703125,
      "p75": 43.32000732421875,
      "p90": 72.1199951171875,
      "max": 387.98968395130936
    },
    "hist": [
      26,
      7,
      0,
      0,
      1,
      1,
      0,
      0,
      0,
      1
    ],
    "bimodal": false,
    "pct_10": 33.33333333333333,
    "pct_20": 55.55555555555556,
    "pct_50": 83.33333333333334
  },
  "C": {
    "unique_endpoints": 72,
    "degrees": {
      "1": 72,
      "2": 0,
      "3": 0,
      "4": 0,
      "5": 0
    },
    "pct_g1": 100.0,
    "pct_g3_plus": 0.0
  },
  "D": {
    "mergeable_pairs": 0,
    "avg_len_with_partner": 0.0,
    "avg_len_without_partner": 42.17546298236842
  },
  "E": {
    "num_clusters": 51,
    "gt_8": [
      [
        "U0",
        12
      ],
      [
        "RL1",
        9
      ],
      [
        "RB8",
        10
      ],
      [
        "CB3",
        10
      ],
      [
        "RB11",
        13
      ],
      [
        "R24",
        11
      ],
      [
        "CP2",
        11
      ],
      [
        "U25",
        11
      ]
    ],
    "dists": {
      "lt5": 120,
      "5to20": 54,
      "gt20": 11
    },
    "gt_50_far": [
      "RB8"
    ]
  }
}